Name, Age, City, Email
John, 25, New York, john@email.com
Emily, 30, Los Angeles, emily@email.com
Michael, 28, Chicago, michael@email.com
Jessica, 35, Miami, jessica@email.com
William, 40, San Francisco, william@email.com
Sophia, 27, Seattle, sophia@email.com
Jacob, 33, Boston, jacob@email.com
Olivia, 29, Denver, olivia@email.com
Ethan, 31, Houston, ethan@email.com
Ava, 26, Dallas, ava@email.com
Noah, 32, Phoenix, noah@email.com
Mia, 24, Philadelphia, mia@email.com
Benjamin, 37, Austin, benjamin@email.com
Isabella, 23, San Diego, isabella@email.com
Mason, 29, Las Vegas, mason@email.com
Emma, 31, Atlanta, emma@email.com
